name,income
Jamie Welch,282.79671978702316
Ryan Hooper,610.3115283420797
Rolando Tarantini ,11.904710142241036
石田 浩,543.4085407149095
Adamo Marzorati,210.25731357213817
Cody Miller,996.3838587952324
佐々木 くみ子,745.662354432795
佐藤 英樹,582.8338775457114
笹田 修平,315.59035888410347
Lauren Turner,68.75175695008606
Brian Cunningham,1282.413715580054
John Reynolds,390.8597972229866
Deborah Roth,373.18738571476274
Seth Paul,863.217832319279
藤本 桃子,913.331795890962
三宅 花子,546.8548485850339
Sig.ra Simonetta Vidoni,880.2023371642917
廣川 裕美子,144.4184631551918
Brian Harris,163.90682605323005
Margherita Fantozzi,842.2300094961134
斉藤 京助,82.04825784068304
Ferdinando Lancisi,597.2561739791175
Lidia Cutrufo,697.0059108143
Sarah Moreno,183.55700909529915
Stephanie Harrison,572.371856541942
伊藤 太一,672.5571603647961
津田 美加子,165.34166169082997
Kelly Zuniga,780.5573758480413
Alina Rismondo,658.9079604116204
中島 真綾,72.61634573832565
Piermaria Armani-Russo,260.02041958026945
近藤 零,727.5514991074494
Morgan Shelton,82.458933720999
斉藤 さゆり,735.4320759568537
Dott. Daria Pascarella ,628.6359782963134
高橋 翔太,756.4856969267097
藤本 零,753.9846933072903
村山 京助,878.7943911909432
Tammy Rodriguez,917.3046923114289
Sig.ra Daria Torricelli,529.6168231659688
Thomas Castillo,413.7725385714019
Deborah Lewis,900.2201050370652
Concetta Salgari,188.3450476508184
井高 あすか,278.53341207331005
佐々木 舞,458.5237395643248
Paola Alonzi,218.77782999242856
山岸 桃子,449.2451281428441
Chelsea Bush,103.48474272931973
村山 加奈,844.1956248202509
Leone Berrè,218.28878586782074
James Warren,432.11079380400696
Lisa Chang MD,563.6401300835241
Melania Bonaventura,602.518455494892
Sarah Dickson,122.19204635708192
中村 陽子,200.55508071488248
Lisa Paoletti ,777.2331239906181
Joshua Obrien,238.0699449067446
Gregory Garcia,310.749222791606
Colleen May,1280.0842942533125
Eddie Cooke,587.5429586079612
Sig. Antonino Doria,1241.363255198827
三宅 舞,524.4159694004621
Lisa Allen,318.9309448257787
山口 里佳,125.67389889664682
吉田 稔,602.2216059746676
Caterina Pederiva,188.08836557321806
Silvestro Civaschi,320.45565861811366
加納 陽子,833.9662150491711
Madison Reynolds,203.7885314906498
吉田 結衣,529.9147875307137
Dott. Giacomo Falier,218.1631728738601
Giuliano Biagiotti,916.9824264086402
Sig. Maurizio Nitto,83.89319675302454
Goffredo Gentilini,554.7019835524108
若松 明美,810.6850467707864
Jill Sparks MD,808.1408479361431
鈴木 亮介,899.0588042901575
Sergius Rienzo,517.4926683284431
野村 裕太,249.96161531155613
Eric Stevenson,924.1493972633492
Sig.ra Federica Ostinelli,1151.417929263091
宮沢 淳,668.1923846170826
大垣 充,888.5886215093999
Bryan Chan,836.348008362438
Osvaldo Lucchesi,1027.114250135957
Theresa Barron,52.28143806457452
Baccio Grimani-Sobrero,14.68364783896936
原田 知実,614.1541204905947
Donatella Brunelleschi,867.3738506898684
Antonina Guarana,270.13756512876296
Silvestro Olivetti,479.0846864876748
Tonya Lee,1046.490281697681
Jade Mccarthy,901.230118589395
藤本 加奈,772.2438493561252
Clelia Carnera,1098.4847809637372
Susan Anthony,947.2861377712362
Patrick Craig,876.1099303034782
松本 翼,1139.7298471739803
中島 香織,105.38374762915149
Liberto Vezzali,766.8099254377646
Stephen Williamson,686.5181988255323
Gina Gonzalez,417.1419601256373
Joyce Stokes,204.24492422210471
Etta Foscari,780.4716834689127
Sig. Oreste Malpighi,178.51113374984328
Giuseppe Antonello ,1001.5197741217738
Eva Beccheria,884.2171620623205
Valentina Farina-Aloisio,268.84458049083725
中津川 京助,117.48906433090667
Ramona Bartoli ,40.70464952857933
吉本 拓真,654.4226638249905
桐山 明美,571.8255342381001
Dott. Melina Pavone,801.5589346928978
Stefania Fittipaldi-Ferrara,721.2540635601723
Amadeo Garozzo,851.0169868681967
田中 くみ子,655.0834407568522
Amanda Hobbs,140.9102486567454
Jacob Frazier,783.9761866431379
Letizia Turchi,358.7248300802445
中村 陽子,225.0330442991575
Rossana Tosi,1117.7863591974626
Christopher Goodman,453.78955895517214
Daria Ricolfi-Barbarigo,798.5717519607414
桐山 美加子,188.20134627921104
William Ellison,1062.3755666192353
Dominique Estrada,483.0870037294348
Dott. Silvio Fieramosca,923.8596172328049
宮沢 あすか,1201.4305731169084
Enrico Correr,485.17281681344895
Robin Johnson,989.6019118838556
Loredana Orlando,935.9826172324927
小泉 洋介,158.14077744128775
Arnaldo Bettin,14.046338143032466
Mariana Argenti ,148.8333519927284
Milo Grasso,1009.123290473196
Mary Walker,441.92054655596036
Sara Nguyen,358.53524471601463
Leone Salvini,288.02517480717495
Rosario Pugliese,84.93288508818398
Nicholas Hicks,317.03329812392786
Helen Garza,65.28596077059501
Jonathan Miller,817.1064187164526
江古田 裕美子,578.460594176291
木村 翔太,848.3303170209367
Leah Jones,799.0976618221438
Ida Casadei-Impastato,996.558826365536
Ann Snyder,1377.1601726619704
Loretta Ajello,13.337740312814429
Raymond Fisher,126.30281757587002
Paolo Zaguri-Gibilisco,1118.3743866262098
井高 七夏,818.2014715185071
笹田 知実,841.5389523927956
Sig.ra Donna Rossellini ,772.7339943100678
Piergiorgio Farnese-Impastato,629.0157002805893
Juan Ross,853.1115598223947
Kelly Beard,1212.9620535775932
Keith Campbell,822.7258151247794
Sig.ra Lina Naccari ,840.7570635214587
伊藤 聡太郎,424.0589006768369
工藤 直樹,721.3154605545069
Sig.ra Martina Greggio ,486.0704023396926
Giada Dovara,1427.5654006839295
Maura Vianello,879.7240656512729
Dante Sagnelli-Basadonna,1069.7192128207428
Marta Medici ,358.28354391714265
Jane Blackwell,914.0675417409554
Steven Jackson,664.5870647929272
井上 淳,708.576346662798
Sherry Murillo,861.691129322505
Dott. Melania Monduzzi,922.2486567752421
Sig.ra Flora Briccialdi,574.8837848472054
Janet Long,536.2640081929848
Dino Orlando,952.5691568164606
James Johnson,1165.718669700395
Tara Gonzalez,744.3829934902581
Emily Ashley,905.7920482122529
Dott. Rosario Parmitano ,459.50151170193544
Kenneth Douglas,174.609942865541
Cheyenne Graves,311.4190264627362
Lidia Soderini,956.4410738062654
Kelly Glass,136.52693128447368
Ms. Monica Mcdonald,63.87121571023469
Tina Cadorna,416.98940586193334
Mrs. Debra Rogers DDS,670.7615758038077
石田 稔,782.3409504565026
杉山 淳,870.189234202953
野村 洋介,675.7942979354389
Rebecca Santiago,833.5657591546858
Patricia Paul,915.9386851734953
Bianca Gucci,81.21277715666497
Mary Hubbard,565.8331623951452
青山 あすか,97.60989111315254
Danielle Carson,22.505748739505727
山口 翼,458.7712865756116
Madison Mack,862.5057722209074
Antonino Sismondi,244.12989446945878
高橋 稔,881.1761064940894
Elvira Staglieno,900.6949341864704
Anthony Hamilton,331.94035151225364
Adelasia Onisto-Mantegna,982.938077190799
津田 陽子,623.1059119445042
Guglielmo Foscari-Tamborini,800.7418511746298
伊藤 篤司,243.10184753989418
Flora Sismondi-Borromini,996.8498637593365
青山 治,555.1156241525877
Gianfranco Viola ,404.5304135166643
Charles Ayers,661.686529437227
大垣 明美,562.8318394082307
中村 京助,660.3005909569875
Jodi Jacobs,478.232810380266
William Terry,319.0711371605086
Eugenia Sorrentino,625.1239100521398
Rebecca Lee,797.7415544095194
Tiziana Fittipaldi,416.46854774793917
井高 智也,629.9026427880801
佐藤 花子,297.4241651516185
Allison White,145.93353574139002
Milo Sandi-Calarco,87.43461334440228
Annunziata Fo,935.1521019067884
Erin Archer,268.5445897678764
坂本 太郎,532.0392985201756
Nancy Sullivan,1234.0217073528102
山口 裕樹,680.9819461122883
Sig. Giuseppe Cremonesi,838.6041093151764
Alderano Faranda,1096.3273583787857
Sig.ra Livia Mascheroni,966.8872213488384
Maurilio Russo,817.2902996584834
David Cantrell,630.104913504612
廣川 陽子,310.9995930663668
Johnny Lopez,392.966437013976
Olga Manacorda ,521.1107886526014
宇野 康弘,1263.628944295302
三宅 直人,31.771197186282407
Domenico Stucchi,566.1632919541408
Cesare Salvemini,842.6297236294097
喜嶋 聡太郎,1181.323584231499
Dott. Nadia Bodoni ,344.576712044788
Saverio Finotto,963.4413242842438
Elizabeth Haley,328.61923714487205
渚 直子,575.8233485841397
James Alvarez,231.97664902720828
Sandra Keith,222.68986085272257
Jennifer Lopez,797.8051369240762
Clelia Troisi-Manacorda,530.8568542360915
Theresa Carroll,305.4664011348833
Gregory Williams,1264.959617205499
Nathan Gonzalez,734.1058533025675
Angela Mueller,255.57781101476962
Dott. Franco Saragat ,261.23270745008875
Alexis Ramos,1037.4813255169267
Sig. Lamberto Piacentini,1106.8802882413368
Miguel Bartlett,340.5616381400134
Mitchell Martinez,402.23650493283645
Fernanda Iadanza ,630.2556644841129
Christine Friedman,1040.7969523155764
吉本 さゆり,740.3377915860962
Benjamin Webb,82.34069038452508
工藤 洋介,24.625411390909125
Brittany Smith,743.1603412850629
近藤 直人,257.61108260780264
藤本 花子,219.19429546501433
Monique Garner,64.74412043235445
Peter Berger,1106.6978267232275
Jenna Rocha,556.6836389338907
Anita Siffredi,765.5644102369026
伊藤 幹,1088.2529027502942
Riccardo Scarpa,555.3172802355083
石田 京助,25.592009219473688
Matthew Romero,80.17140035668247
Sandro Rinaldi,1078.3526447907695
Fabrizia Morucci,905.6873309910076
鈴木 充,1056.9127592774364
松本 桃子,581.0555979215843
Romana Lippomano-Mazzocchi,1.6329681831829257
Courtney Abbott,1000.8114405815787
井高 稔,945.3081523389254
佐々木 篤司,514.2972360296967
喜嶋 美加子,499.0997519919361
佐藤 淳,713.4150480490533
Bradley Hall,152.07349553946625
Danielle Lambert,588.763149241341
Cristina Santorio,788.1830199988691
田辺 裕美子,57.365575128959456
Pasquale Errigo,0.08363699736069208
Chelsey Campbell,786.961976344261
Dott. Osvaldo Falcone,784.9214132516113
中島 千代,362.4433916480898
斉藤 篤司,365.06386182368146
Giorgia Dallara,232.64832419246352
Madison Rowland,563.3546385390304
Kelly Smith,18.243634073347394
伊藤 裕美子,106.64294677519392
大垣 太郎,113.0849542637855
Raymond Turner,619.3718031111569
Stefani Iacobucci,625.1155819021172
Aaron Steele,442.347793101055
Rolando Parisi ,356.3485996052917
Tonya Hampton,7.53074220947525
Randall Griffin,953.8553964464629
Jordan Gilmore,95.67936298184598
Laurie Reilly,483.07828123024734
Carol Hartman,1096.7542012713511
Mary Oneal,252.69157695410505
Viridiana Gatto,845.3658759798152
Dott. Fabio Migliaccio ,702.526997015715
鈴木 舞,70.94715317013222
Ashley Owen,167.70689337135346
笹田 直樹,737.0133570470641
中津川 くみ子,676.387237725826
小林 七夏,509.61179085573417
津田 あすか,448.3643693164392
西之園 充,317.00730785066
Rosaria Gulotta,900.870544780305
Simone Ughi,250.18893345606796
Tammy Harper,613.1563389586338
Alyssa Henry,329.5605696058046
佐藤 晃,15.035183220087344
Sig.ra Beatrice Riccardi ,395.9588144953344
吉田 くみ子,279.7862392201813
Sylvia Magnani,790.5246017195245
Brandon Taylor,99.16757152526523
Robert Bush,407.1286958951391
渡辺 裕美子,47.1522614130061
Dott. Rita Crespi ,461.9089354768837
藤本 真綾,484.9356913286674
Timothy Hubbard,776.8039836646982
Giosuè Micca,384.21580664219954
Enzo Napolitano,286.7770767699227
Alfredo Zichichi-Micca,1067.7802926497386
佐藤 春香,71.18026569415592
松本 直樹,1122.564976474851
Eric Mendoza,722.1391404076804
Jon Ramirez,661.1756350013812
大垣 零,602.9851315470297
佐々木 直子,618.7955174079318
Dino Udinesi,161.19275000239463
Ansaldo Gelli,697.1245136075008
Heather Mann,590.9685305860864
Julie Edwards,175.4395604976614
Thomas Lewis,695.1536821935359
大垣 篤司,1107.3436403702644
Gastone Iannotti,859.2827119746421
Gioffre Interiano,130.1359389829041
Sig. Ignazio Gentili ,1216.5381204205048
Carlos Hill,1222.032087194749
Griselda Polani,771.7075849627807
Caterina Rinaldi-Bonanno,30.958351752919945
杉山 治,1012.9578070029271
Donna Marshall,235.07300267011777
Zoe Garcia,458.5341920171744
Tullio Pepe,870.5666409648196
宮沢 知実,508.91699566831215
近藤 翼,853.7716171984949
Tina Bragaglia-Ferrabosco,927.5801630999175
Sig. Nicolò Guinizzelli,1023.5383720553859
Rocco Endrizzi-Ricolfi,759.5379095453421
Letizia Bixio,122.13507096233933
Adam Neal,224.73049540393941
松本 花子,509.64677606846686
Richard Ramos,338.2078157038191
Patricia Mckenzie,499.55833544914685
Samuel Lopez,74.19046642737781
Shelley Hernandez,251.9424924356676
Steven Donovan,949.7830958253348
Mitchell Smith,513.0427198489306
Antonia Giannotti,586.3309094505422
Danielle Brown,488.9328168202477
佐藤 知実,413.392654701135
David Barnes,188.77808315549106
高橋 裕樹,76.98643108933301
Ruggero Bacosi,111.29023396295467
Lisa Robinson,507.8560622006155
Ornella Broggini,822.9823510330315
Anthony Carr,163.1370483399771
Lucas Miller,298.669095362164
Simone Morlacchi-Casaleggio,143.3987151510302
喜嶋 零,548.3001688758604
江古田 直樹,47.75358754361936
佐々木 稔,1000.822287212137
吉田 結衣,939.6997851217989
Linda Brown,307.8974843112268
Dana Montgomery,874.2984597700828
吉田 真綾,222.62333625927687
青田 香織,921.2148298977431
宮沢 英樹,472.7541746083913
Lisa Taylor,766.7205567273555
Sig.ra Berenice Pellegrini,63.36012883145558
Sig.ra Ramona Taccola,336.81995360817916
Diana Pizzo ,813.654348556537
Sig.ra Letizia Franscini,896.988384244189
Manuel Telesio-Lombroso,58.01785306948115
Tiziano Natta,963.8254934496059
青田 さゆり,804.7414226322811
Jenna Russell,818.0575921932052
Edgar Browning,540.2063000686343
Michela Folliero,767.1820065091487
Alexander Hartman,1414.931760670075
Maria Polesel ,102.41115315313864
浜田 修平,854.7538320058121
加藤 健一,811.2279278309007
工藤 千代,161.9536027407732
Duane Smith,658.0073060152066
田中 知実,696.9707890445857
Amadeo Scotto-Ciani,810.5030646967567
坂本 涼平,790.7652772276666
加藤 裕樹,1067.051296460819
Carla Pasolini-Tropea,737.1960030811132
Abigail Rodriguez,224.34247143044394
Sandra Watkins,938.046771765746
Samantha Thomas,917.2291315801256
Delfino Fallaci,619.5389900897002
Alessia Antonini ,828.9607111187804
Erika Baxter,187.40007918262413
坂本 知実,653.6087747540063
三宅 京助,267.58733156647406
宮沢 直子,702.6299015109894
Lidia Favata ,672.4537995503173
Michael Cooke,967.7416341242935
小泉 結衣,671.1061488740944
Roberta Accardo,799.9421408294634
三宅 智也,513.1309428784969
青田 知実,166.9663281820587
Summer Caldwell,336.51197041902606
鈴木 淳,674.2974629222366
宇野 浩,879.3595597417332
Eraldo Montalti,751.7040016291618
廣川 翼,748.3854694181257
Ciro Correr,62.20869715635769
Osvaldo Binaghi,954.5445938279787
宮沢 陽一,365.35631673278715
田辺 知実,342.8196882311594
Micheletto Fanucci-Monicelli,870.513543578987
Mr. Chris Reyes DDS,39.011906881717294
山口 太郎,307.1141029799244
青田 七夏,222.94104114676173
Manuel Whitney,479.08897333312086
Sig.ra Marissa Malaparte ,278.6645314872999
伊藤 明美,857.6725423502933
Sig. Bernardo Giacometti ,329.57315028747115
吉本 花子,44.55192738098257
Riccardo Flaiano,254.66504345683694
浜田 智也,1048.0217812099095
Elisa Bembo,641.0220382837001
Richard Bauer,400.75061852670945
Shane Best,514.4982799845803
田中 真綾,62.51698549907425
Sig.ra Rosa Tarchetti,25.031092851448776
Bradley Zuniga,356.5465447423678
Cassandra Barillaro,307.6442461140106
Theodore Brown,704.1715005544629
三宅 直人,802.2379698590055
坂本 真綾,61.954148447994186
James Santos,655.1619090375411
Steve Miller,744.9840729296883
Sig. Amadeo Malipiero ,371.30738451728786
Dana Perez,922.8930532961142
桐山 康弘,897.6833739766187
Stephanie Roberts,4.269145549022468
高橋 陽子,681.098177584685
Seth Villegas,777.8076802053499
Holly Ayala,54.37197713762443
Vito Ferretti,337.4929921239636
Lando Lucciano,399.5513305111039
佐々木 太郎,1211.8766450544617
Pierpaolo Antonacci,670.4188743283783
Fabia Campano,562.9026664488791
Dott. Luigi Turchi,905.6008719500262
西之園 結衣,233.67973589756076
加納 明美,817.6289320552885
大垣 千代,1148.4972287030084
Sig.ra Ramona Monte ,949.3516380767715
津田 京助,838.1910446467143
Sig. Giuseppe Prati,847.883956719393
Joseph Bernard,834.4245507124783
Caitlin Gilmore,134.5687761459572
Tonia Randazzo,403.01551439652974
Dina Bignardi,115.6852535493944
Nicoletta Giannotti,547.7703607328577
山本 陽子,464.3455003074155
Terry Ross,719.4626000106095
石田 太郎,213.7831221473736
Giampiero Detti,363.4010461685956
Shelley Weber,22.069163177833694
Amedeo Gualandi-Vezzali,807.2869036872327
佐藤 舞,553.7493867829726
Sig.ra Gloria Cammarata,891.4604621611941
Piersanti Piccio,1243.732500622294
西之園 学,909.2751490706635
若松 直樹,640.8820871097894
James Crawford,785.9606983070493
Lindsay Nichols,786.8977773111963
Giosuè Bonolis ,379.75324584994985
松本 直子,553.0455821811767
Luisa Lucciano-Maggioli,146.0427288217445
村山 京助,1178.650574899957
斉藤 舞,388.74587190954645
Sig. Virgilio Basso ,53.166647638023036
Gloria Ramirez,506.2467200063203
津田 太一,1160.5142386202544
中津川 稔,711.1374319810071
伊藤 充,176.53029159079304
Piersanti Montanelli-Montanariello,830.6107761240723
Raymond Franklin,115.84786324655283
Colleen Barber,1043.6221224257238
工藤 舞,483.7952510038224
Tiziano Giradello ,572.0472327779264
中村 晃,458.03503337988485
Alex Gonzalez,60.536693524396725
Jason Ward,808.0278103411254
Stephanie Henry,1343.6471551887462
Dina Ruggieri,165.50177635175368
山本 千代,895.2447471325082
Maria Pometta,623.5238374352646
Nina Fuseli-Mogherini,304.36356415274423
吉本 拓真,1054.770807278447
Patricia Simmons,655.8503301024776
Mirco Paoletti,762.2472497750612
Sig. Lazzaro Cusano ,730.4043602831308
山田 治,476.02254957730827
Alessia Vismara,808.213855409735
Marisa Verri,96.85441743443135
Dott. Eraldo Turchi,748.3861477175383
佐藤 拓真,612.4669530464956
佐藤 里佳,1230.0582495849803
Morena Bosio-Emo,924.1926904390812
Mark Coleman,309.68457795765704
Marissa Marconi,121.89080418900977
松本 さゆり,813.0034064336717
桐山 あすか,985.5478975346822
Delfino Pucci ,864.1864062860881
Kari Wood,1053.2615773021987
工藤 淳,595.655158750206
Sig.ra Rosa Cabrini ,88.47598823808912
小林 太一,795.436153806478
井高 里佳,124.65811645801605
青山 真綾,547.8256501863264
山本 舞,737.105218153513
杉山 明美,602.2563290113217
Dott. Adelasia Mazzeo,407.0930348873345
山口 裕美子,903.9156212864133
Gilberto Gangemi,770.6363660767062
青田 香織,54.826017941960295
佐藤 直人,500.58732455994647
Mark Wheeler,244.6994286564238
Lina Conte,332.61325423067944
吉田 直樹,1095.0450433608296
山岸 充,604.4735825138339
Christopher Hester,214.62663228621037
山岸 裕樹,896.7167027389095
Patricia Miranda,656.9475652096943
青山 翼,30.602507444415284
杉山 陽子,79.83961188649712
吉本 淳,443.4747184095744
浜田 花子,973.3231947814104
Dott. Gianfrancesco Necci,975.7526818603268
Mr. John Santos,161.6482932018336
Jason Wood,173.28983343336336
加藤 幹,206.28213826093443
Jeffrey Peterson,954.9233539956076
田辺 美加子,511.3303516360703
Matthew Baxter,529.5450871086391
Robert Phillips,2.1042183193195063
Pina Milanesi,17.604169500949006
宮沢 直子,800.6717475495124
Lazzaro Montessori-Liguori,1078.669523300666
坂本 直樹,216.48999377578392
宮沢 花子,1113.7850742722621
山本 美加子,952.6321974903184
Liana Nitto ,946.6888745684477
Dott. Zaira Gozzi,854.7873089124093
Robert Arnold,1068.6119597174936
Melissa Johnson,177.9030377660431
Charlene Sanders,424.2753081707149
Nanni Bernardi,61.758946650354304
Dott. Giacinto Bompiani ,646.3938905702973
Lucia Saraceno-Montalti,917.3094330886352
Dolores Costanzi ,559.6436044491523
山田 陽一,127.54109214238207
Augusto Bianchini,318.325249245304
渚 知実,474.88516075859957
Jennifer Pratt,992.6454009400746
Antonia Ceschi,681.6738972324586
Mirco Basadonna ,946.9786046916583
井高 舞,335.7865333038239
Ashley Smith,857.348111809182
Tina Durante,507.80017016749144
坂本 零,92.91641659021465
廣川 康弘,371.0712036459144
Sharon Pollard,207.36233929207094
Ryan Juarez,471.24816384519306
Jason Flynn,677.5897815185151
David Estrada,150.46214176970196
Dionigi Gabba,149.20241054120552
山田 裕美子,682.4026841731428
三宅 翔太,895.5747632823227
Griselda Stefanelli,238.99003030000188
山口 あすか,180.93110156902748
Brian Yates,1234.3304804814472
桐山 あすか,824.4455734567073
Tiffany Bradley,1075.2098301381682
Margherita Marangoni,860.1972636510449
Ashley Morris,78.18383930628403
坂本 和也,684.5867151104144
山口 花子,344.1070605034434
Gabriella Mercalli,431.1888999166359
Maria Boitani ,163.77152588047161
加納 洋介,998.4997023403977
Dott. Fiamma Metella,883.3631198411986
Antonia Silvestri-Modiano,927.5104234042379
Ashley Underwood,55.52770224810588
Robert Holt,783.4272326965934
Milena Corbo,940.0377881599786
Brenda Church,1048.8146743802658
Adamo Camiscione,80.65570036695946
Jonathan Mcintosh,949.1392872163541
工藤 あすか,656.326231710534
Jim Crosby,492.5796159707311
加納 英樹,518.4170310279952
Sig. Lucio Barzini ,741.3421440309958
Joyce Pruitt,111.76417706257635
宇野 拓真,584.3876872903429
山岸 七夏,437.4392644266373
Sergius Vismara,733.1957433880807
喜嶋 治,215.4386959908472
Connie Waters,847.0019002250555
Mathew Pham,1248.8112713623693
Sig. Giancarlo Comisso ,1027.584399872861
Victoria Harvey,888.9991763383463
工藤 直人,975.4073618305686
青山 直子,703.1937735352826
Annalisa Pederiva,429.9816203045421
Patrizio Matteotti,884.6150027133008
Vanessa Micheletti,391.64102944541344
Kathryn Horn,760.9645873154318
Vincenza Stucchi-Calarco,1117.4138210802457
Giampiero Tremonti ,640.3403202129763
若松 稔,821.3173207895492
Dott. Loretta Antonetti ,723.3754979464059
Jessica Bell,911.6705257066726
Ann Hill,120.10690296522664
Simone Bottaro,300.12840621344816
杉山 舞,721.6412630602267
Melissa Ford,996.491278015401
佐藤 聡太郎,162.78759097417063
Bradley Nixon,826.4248345298827
Daniel Jackson,637.2242554618371
Thomas Harris,46.257483495960926
Dionigi Giorgetti,1255.1257210603592
井上 京助,1043.9809394889614
野村 聡太郎,830.5689422218419
Tiffany Conner,1114.0091174069842
工藤 智也,490.8329856452378
Alexandra Mitchell,191.30022604334084
浜田 英樹,1047.502207211412
Michael Hernandez,1142.9442704405133
三宅 加奈,546.3469677072849
Dott. Romina Cavanna ,882.5799805258926
Morgan Mullins,368.3486280023064
Roberta Kelley,544.5032152009469
Vincenza Tiepolo ,1271.8003943900221
Ebony Barber,892.737980473823
Sig. Panfilo Mattarella ,453.147168066131
Teresa Iacovelli ,506.6554279967486
Tom Hunt,49.960328887701635
Eric Fuentes,334.87064371092356
Giuseppe Travaglio,783.5215183551903
村山 結衣,908.8857277388619
Travis Brown,530.392610469372
Leah Stark,797.8244706657206
Sig. Rembrandt Siffredi,1166.0950106947678
Jeremy Rivers,5.161946100467718
Ippazio Grifeo-Nosiglia,841.5436651427632
Ronnie Roberts,74.81918169303259
津田 明美,1124.3182492517194
Rocco Spallanzani,793.1789166586943
Lamberto Magrassi ,522.8736352858706
加納 直子,252.29676429197067
Michael George,697.1171832855579
Mary Herman,697.3053911124247
近藤 直樹,392.51614615105615
April Rhodes,806.5663701182897
Fabio Morgagni,87.01697487907556
Larry Davis DDS,1040.3313382215852
Anthony Foster DDS,318.54847214228454
Tina Guerra,110.10973626969644
Shannon Morrison,1257.3629930557504
Sig. Donato Cocci,114.81069792046506
吉本 春香,677.9171591139473
Vincentio Abate,653.5413069259525
坂本 知実,823.327844001059
Sig. Renzo Missoni ,882.9828251225806
Virginia Nosiglia,12.343773037078343
宇野 千代,369.46702262506614
Sig. Donatello Florio ,509.0755045127828
Kimberly Fields,362.7728831657321
笹田 真綾,268.6057726121632
Alan Griffin,2.446986669371487
Giustino Migliaccio-Pellegrini,1204.5096333952933
Carla Mazzini,1184.269259466531
Sig. Riccardo Catalano,597.8123374400915
Karen Callahan,1094.5520767884095
Lilla Sgarbi,282.7090062722983
Dr. Jacqueline Johnson PhD,934.7195794446109
Sig.ra Liliana Onio ,15.012081519789167
渡辺 康弘,847.4899346207164
Scott Jackson,970.9173299760508
山口 淳,183.38593888556954
Arthur Gallagher,418.5052903066431
Antonietta Caboto-Branciforte,365.17310070693674
Rebecca Griffin,577.9593862534209
鈴木 聡太郎,54.45119417345212
小林 拓真,268.9347807496034
Kristy Miller,1282.3208823230998
Sig. Guarino Scaduto,1151.9235299135476
Samantha Jordan,278.7367080796752
Armando Gradenigo,42.534907766196504
大垣 真綾,306.127802854757
Lodovico Pisani-Gelli,354.14010985488767
Kimberly Morgan,844.0077207967236
Sabatino Rapisardi,280.0624825546344
Arnulfo Casarin,839.4269066653984
Piergiorgio Bova,809.3173862273591
Michela Luxardo ,781.0248087209643
Ottavio Procacci ,507.2435020988204
Sean Griffin,1105.3574667758921
Dott. Ottone Nicoletti ,219.37620647304945
Scott Taylor,292.0422237746392
Enrico Terragni,9.588012767254405
Tatiana Marsili,640.9770038263116
Andrew Price,568.7421256688241
Dustin Wilson,721.4248932042843
Glenn Hamilton,719.1361443446674
Michael Garcia,86.5878496201119
Alexis Smith,574.9177589544867
Mirko Tedesco ,412.8397561145641
Carolina Bignami,1234.4947342293483
Carla Bragadin,1155.8195139786037
中津川 太一,876.2187319249612
Sonya Osborne PhD,915.037940777493
坂本 幹,273.0178452699108
Danielle Gilmore,216.16997148051908
吉田 直人,282.76160216361944
三宅 浩,490.8944945534857
Dott. Benvenuto Forza,853.5758804106598
廣川 里佳,567.7522992375541
村山 春香,337.27767555189456
Brandon Moody,235.32007503408337
吉本 京助,1185.9489647764467
Julie Hansen,204.73232618619164
David Adams,525.0122784494291
江古田 涼平,262.4107369765994
Alicia Hughes,114.66417901469117
Stephen Jones,768.0297911029888
Griselda Curiel,872.7080802969966
吉本 花子,1305.5030908785754
Ignazio Gargallo,530.3318490014857
大垣 洋介,1268.302757373464
Jenna Farley,187.24443064366437
Dott. Dolores Gramsci ,835.6405556541117
宮沢 真綾,752.0754720382404
中島 美加子,546.9927297927383
Rocco Farnese,1067.4624561292449
高橋 和也,292.23956213052327
Dott. Vincenzo Montanari,42.759767132107605
Catherine Flynn,879.4903203811617
津田 七夏,632.4111193156781
宇野 直子,10.349426591148013
Ryan Brown,842.405377353874
Tyrone Williams,886.5376859677964
Martino Bruno ,404.7075290127066
Sig. Donatello Costalonga,948.4314415274522
Pierpaolo Raimondi-Finetti,830.193011931446
Sig.ra Maria Iadanza,746.6643278474139
Rhonda Anderson,104.3409226113976
田辺 里佳,180.19402023216523
Michelle Henry,651.2212997483722
Leslie Jackson,1336.2352319988258
Anita Ajello,824.8493622509343
Diana Blair,505.6167104381207
渚 里佳,207.84105606423898
山本 翔太,547.1106421252146
三宅 涼平,707.4699297144853
Aria Leonetti ,786.870006361256
Giosuè Ostinelli,831.7601918914698
笹田 七夏,678.7426097245138
田中 加奈,925.8468436926195
Teresa Napolitano ,202.03960831160362
Lazzaro Pinamonte,84.70381420979456
吉田 さゆり,188.99014219645693
Giustino Sgalambro,552.2090972157125
加藤 知実,225.76334080312287
西之園 直子,482.64887377351096
宮沢 陽一,127.09689047680706
石田 裕美子,376.41160181148393
吉本 あすか,215.97545646539484
Caterina Bonomo,848.7335217608182
Annalisa Borsiere,827.8302950424093
吉本 花子,422.73525981935046
Sig. Fulvio Spadafora ,202.71477631864744
Mariano Dulbecco,863.7842981172282
村山 太一,958.6960178565871
Graziella Einaudi-Mussolini,528.2109819113826
Desiree Herrera,933.7908811170547
Loretta Doglioni,124.56906245188348
Chiara Cannizzaro,313.09653966487963
Sig.ra Cecilia Morandini,110.89925335986017
Sig. Bruno Ferrazzi,0.4879242192957767
Deborah Shields,910.6944789370494
Nina Bondumier,276.52060572209444
Christopher Coleman,342.7472274906551
Sig.ra Margherita Goldoni,66.48363220123244
Amanda Brown,1116.013480716975
Daniel Clarke,497.2289795962354
Gabriella Navone,147.1054795002149
Ornella Benussi,439.89187289570884
青田 くみ子,1114.091731332483
中村 幹,830.7912996047141
Vittoria Combi-Dossi,821.1811204306285
佐藤 聡太郎,725.4132195131128
Joseph Fisher,149.85610886031364
Augusto Migliaccio,940.7899945197765
近藤 春香,531.7946237994835
Christopher Woodward,707.1657844736006
Alicia Case,734.1246841529555
Stephanie Hopkins,323.4190602909973
Matthew Rosales,982.664575273549
Douglas Lynch,89.70570082153584
Maria Barcaccia-Maffei,1157.1479442310576
Marisa Venditti-Scaduto,669.7228184437445
Christopher Martinez,52.0130425590134
Miranda Smith,315.30794063115064
Susanna Zeffirelli-Moresi,1396.205882596349
Dott. Stella Lercari,214.13903607056594
三宅 加奈,1115.642030292385
佐藤 里佳,788.0299882263156
佐々木 舞,183.0891044588866
吉本 陽子,1387.8227509212825
石田 直子,140.56643562496262
Jasmine Cole,458.59736062003566
Deborah Park,1150.7553675413403
Mirco Ficino ,300.30328595077185
Dott. Simonetta Terragni,79.87402434886582
三宅 晃,571.1117758814129
宮沢 桃子,422.43822561940993
山岸 結衣,627.599837624175
浜田 千代,570.7897194256104
Mr. Terry Davis DDS,1023.4198856646184
Lisa Goodwin,678.6898991445263
吉本 直子,721.2852621289858
David Bailey,1134.8144176745554
Ugo Trussardi,921.0266630273586
Nadia Coppola,1143.06730952358
Veronica Ramirez,660.5298704639148
Adriano Mascheroni,100.9639242039253
Samuel Williams,157.61456171928035
Viridiana Marsili,297.17405934456843
Alessia Berengario,54.105623766570574
田中 里佳,926.2540126864749
Eric Wagner,256.40146291111796
山口 直樹,906.7292376016713
Shelly Gilmore,498.0226051577948
江古田 稔,942.1399081217274
Bettina Biagi-Soffici,1074.8775865127136
山田 淳,663.2780223623739
津田 篤司,96.40614207576536
Isa Foletti,429.8718081494406
Lisa Thomas,146.92616773349943
石田 美加子,688.4020913819526
Terry Sandoval,1193.8582315529231
渡辺 直樹,784.9397398841477
Jacqueline Smith,839.6618307598889
鈴木 亮介,1108.0009082388437
Evangelista Germano,259.82389485984504
吉本 拓真,607.7308930758145
大垣 充,540.8767139528435
Matthew Dixon,814.8964353016676
Silvio Soderini,329.52925603635606
Luke Leach,879.0537670125157
Darlene Kelly,633.3692047188877
近藤 太一,654.5825973044008
Kimberly Day,848.5001129199006
Bartolomeo Maspero,489.66690025484706
Juan Mcdowell,204.9020934468263
Ermes Cannizzaro,40.875414193520584
Benjamin Payne,621.5975728269245
Mikayla Martin,761.8048571656407
Giuseppe Volterra-Ferrazzi,1307.7902267388981
高橋 千代,996.664487910817
廣川 太郎,1528.8634219183323
山岸 春香,588.5001769538546
大垣 花子,923.510189238911
Cirillo Tron,585.3257516420341
桐山 裕美子,488.64256465392975
Lisa Stout,703.0959411340401
津田 和也,184.01055854500692
Paloma Borromini,865.0904715389586
Tanya Butler,629.761628542761
Durante Bottigliero ,346.1326004874814
津田 七夏,544.0874770631747
吉本 くみ子,658.0833452130826
Isabella Pulci,939.8282261600841
大垣 太郎,688.765672308389
Dott. Filippa Aldobrandi,342.68846876356696
Isabella Galtarossa-Basso,532.8429527618376
Sandro Antonucci-Pinamonte,374.82649187329554
Dott. Francesca Morricone ,516.181344502366
村山 稔,915.0889598086821
Michael Roberts,296.16530991211033
Christopher Butler,831.3226937107654
Patricia Smith,738.1907133195203
Jonathan Douglas,1046.1446101072672
木村 学,798.5394946036313
Ana Cook,87.14105714991705
Durante Veltroni,939.0405108673906
Pomponio Gargallo,791.6518744931938
Kyle Bowen,318.91887831783515
Maurilio Tomaselli-Marzorati,659.2358464761331
Terri Lewis,793.5217480017493
Dott. Eva Tognazzi,1001.6481746066513
Ilaria Giolitti,114.43346751234695
Gianmarco Babato,1131.7712919549772
Amber Hicks,262.00378906382605
Fiorino Beccheria,753.7465116310955
James Huff,230.4570808242744
Sig. Rocco Ferraris,671.9261814092581
山口 智也,819.7007933700281
高橋 充,986.3505095113652
Mariana Udinesi-Roero,954.5021911552216
坂本 あすか,816.8514396676745
杉山 陽子,825.8151863018406
Dott. Ansaldo Gradenigo ,835.1390472821829
Laura Carey,620.4382058829137
近藤 学,287.8999367723776
田中 浩,1170.2774360825072
Luisa Doglioni,58.01655142754814
山岸 京助,1089.226013807274
Eric Deleon,956.3053561312419
廣川 篤司,1172.3121944907386
Gemma Majorana ,549.8727506874892
佐々木 稔,350.76223956585875
小泉 桃子,534.7720724926479
Sig.ra Fiamma Torricelli ,881.5669900303893
Steve Russell,57.05399707261005
Sig.ra Elena Camanni ,923.81681100843
鈴木 くみ子,1209.7927591923622
Phillip Villanueva,801.886609592
Danielle Huffman,657.246893365809
Jamie Wu,811.6009214268695
Edoardo Benussi,806.0867709665175
佐藤 裕太,246.02256727378114
青山 稔,855.4221230347789
Roman Condoleo,573.589876831575
Ninetta Cheda ,1441.5924977541335
Ludovica Bova,698.6245301975695
Gregory Walters,820.3022366636193
山口 加奈,798.11639553026
小林 直子,753.2233218174949
Sig.ra Nicoletta Leoncavallo,79.31305219640817
吉本 修平,655.4329263816097
坂本 あすか,1301.1637936466957
廣川 裕美子,554.5815830815653
Dolores Doglioni,449.42813999426477
Mariano Ritacca,597.6149973976844
廣川 淳,621.6815611893787
大垣 桃子,739.6265491415905
Megan Riley,1081.1718065182029
渡辺 晃,131.91617075344274
Vickie Blankenship,991.2269777791356
Sig. Federico Borrani ,10.696547616588447
Amy Heath,548.3532962752425
Dott. Livia Villarosa ,106.57583193884612
Dott. Lara Luciani,213.15893383233475
Jason Lopez,1120.2919638642775
Theresa Mueller,1135.3578339147452
Lando Grimani,17.54612209038875
Dott. Gianluigi Garibaldi,1125.925916462265
津田 太郎,484.2402312852341
大垣 直樹,761.1419237176189
Walter Cisneros,328.50825407289676
Craig Delgado,217.04097079841156
工藤 太一,793.5788841363969
佐々木 舞,563.0492525811654
Sig.ra Laura Niscoromni,792.4475363824536
Robert Hamilton,788.7317638778944
Ralph Martinez,293.55351940655896
藤本 亮介,201.25773330110442
Dott. Orlando Mimun,991.5006617586633
Matthew Ortiz,833.8884494262147
藤本 裕太,859.8493297494349
Jamie Mills,415.38850130914153
Alex Mosley,20.98220000022777
佐藤 晃,793.4746134116696
山田 智也,741.2109941018086
中島 香織,977.2595439909295
坂本 智也,565.1187880738997
山岸 修平,146.72412516432732
Melissa Sforza-Fagiani,820.4492650876982
喜嶋 舞,505.42010678983905
Fredo Guidotti-Troisi,77.41616362802606
Dott. Biagio Ottino,840.4286988903198
Rebecca Jackson,603.9374493092208
Angelica Onisto-Morricone,961.1611847341037
鈴木 太郎,875.9713468743383
Eric Morris,830.2224985630581
鈴木 康弘,397.21573306806357
Jeremy Murphy,1136.9953584573086
Charles Carter,836.5102714331604
Michael Ramirez,469.90331226591377
Toni Borsiere,400.44155718599114
Margherita Calgari,839.6951806020464
Jennifer Cole,658.6615967182479
Kathy Hall,838.869293525782
佐藤 明美,825.745685027691
Dott. Pellegrino Ajello ,691.5471512415043
Enzio Santoro-Folliero,733.0874542890299
Zaira Grifeo,705.4012419270688
中村 陽一,145.4319124137079
中津川 美加子,584.3073037955918
Rita Guinizzelli ,992.2199458051979
加藤 篤司,824.8126507877496
Shelley Roberson,942.3741788720902
Sig.ra Carla Novaro ,977.6389045037664
Gelsomina Sibilia,713.4287925651557
Jennifer Rivera,146.74705212651295
近藤 美加子,225.78842849216974
Tiziana Modiano,691.4260192229362
Mary Huber,904.9481721602839
Robin Martinez,191.39483046284445
Goffredo Boccioni-Bembo,873.6401043033582
Patricia Blake MD,979.6579835943985
Raymond Williams,888.0449766657221
Adamo Pastine,721.033382027809
Edward Shaw,267.3369554527426
Viridiana Ruggeri,1058.9779411491725
Christine Estes,784.0650505551582
Joel Gonzalez,432.54584608049294
Dakota Mooney,434.0307548164809
Sig. Mirco Marenzio ,767.7791608536502
吉田 里佳,366.345662101875
若松 舞,575.3407833480508
Robert Yu,915.1924363909036
William Norton,92.4575371183669
田中 あすか,23.551581894755593
Dott. Nino Balbi ,953.0236993482598
浜田 修平,803.2954356720917
吉田 太一,587.186126666504
Sandra Hall,379.0331892090396
Robert Berry,925.2475418480029
Michael Vincent,477.23588686930464
Licia Broggini,683.9000655839542
Thomas Barker,993.5679734041848
Michela Orsini,131.06572114858838
Cathy Richards,887.1590834305913
加藤 幹,679.344177263531
Clarence Mitchell MD,129.74100867758898
Dawn Rodriguez,377.7116602745417
Pina Pavarotti,635.8368190187884
Maria Mogherini,762.4912503171416
加藤 健一,880.2272524561035
Sig. Tonino Pedrazzini ,638.209626739035
近藤 治,988.6652384954543
Taylor Miller,826.5612946590768
Dott. Alphons Tagliafierro,841.8032722216539
渚 幹,1090.409218052691
Dott. Geronimo Abate,537.3563687642977
Timothy May,1057.3684380670923
津田 花子,467.66284615824713
Valerie Blackburn,290.9482630340258
杉山 稔,535.3263245573445
田中 あすか,867.6868342434535
Angela Wagner,528.758228991259
Giovanna Renier,634.4633809428299
斉藤 修平,835.7958169467595
山口 健一,844.7442056802687
Jessica Harris,1104.0983470542806
加納 直樹,1114.6114152058121
Heather Ruiz,622.3185788924147
Fausto Luna ,425.8760139247241
Alex Fisher,1369.4336937725361
伊藤 あすか,909.2215479085899
廣川 明美,801.831689038512
Gianluigi Malipiero,673.9516351225452
Eleanora Totino ,348.78653108450777
Pellegrino Acerbi-Cuda,1155.5110214327171
Dott. Gianpietro Jilani ,38.14198016975856
Piergiuseppe Lombardo-Esposito,923.2831340374746
Nino Pozzecco-Castelli,765.3348045131784
津田 里佳,412.6677808189871
Christine Mcguire,792.0445792914244
Heather Walls,144.4406621102754
青田 太郎,614.7989377767135
工藤 裕美子,261.2756015106202
Raffaella Trussardi,708.3012992107153
David Bradford,268.8049222176695
斉藤 修平,150.68971710406544
Rossana Colletti,4.110256855939687
Dott. Tonia Verri,715.0657393601294
Dott. Silvestro Trezzini ,195.62898740021194
Sandra Munoz,296.4591330916061
Antonia Impastato ,363.7823699263153
Donald Johnson,266.5548694148776
高橋 康弘,660.4398122483749
高橋 結衣,814.0595526491421
Gianna Fallaci,983.86790938911
Stacy Harris,905.9165525016737
Heather Reilly,932.9008928898235
Sig. Ruggiero Niggli,557.34590502574
Clelia Parpinel,817.3786575764408
Russell Harris,766.0684258004928
Richard Johnson,168.43633600892215
Lauren Stevens,524.4461918891917
Simonetta Panzera,1153.5994258875223
Candace Payne,579.829197361845
若松 陽子,3.8349246739238785
John Douglas,328.8700159178024
William Flores,501.11212885743373
Curtis Williams,729.0441476139894
小泉 結衣,905.2190295620899
山口 篤司,640.0473982193921
Joshua Thomas,52.25717923224549
Gloria Bell,545.5830518304842
近藤 香織,926.2390675331671
Judy Patterson,735.4835985195374
Piermaria Antonini,541.8567451509915
大垣 康弘,735.4353940260906
斉藤 幹,969.1075354773897
Giustino Micca,669.114578312056
吉本 加奈,560.5417662191834
伊藤 香織,1182.728838012831
井高 裕太,848.1730962391862
Cristina Muratori ,846.3702805792324
木村 稔,1091.9195185448057
Tammy Stone,8.34939052581085
Lamberto Bevilacqua,350.4711942476286
Dott. Giampaolo Comencini,368.3748415388528
Stephanie Burgess,915.2098372624916
Sara Winters,888.9164335020051
廣川 修平,1196.3634871155127
青田 翼,868.4561500243168
Dott. Sabatino Cocci ,971.5167478153969
Etta Toselli,913.5709926079327
藤本 充,236.92467661992833
Peggy Rocha,832.6353432664324
Dott. Gustavo Bellucci ,113.12934300757982
Riccardo Spinelli,596.1058218690551
Stacy Robinson,291.8319673686078
Sig. Ranieri Iadanza,344.96506610293966
Sig.ra Elisa Gargallo ,818.9329933893806
山口 加奈,101.5048344351368
Carlo Zamorani,486.9982605070681
David Hobbs,251.35423290457726
井高 篤司,893.0983063366311
吉本 裕樹,345.63153995368737
村山 七夏,365.63770746237935
Tyler Rodriguez,12.508933643245124
Amanda Rinaldi ,975.7740247159837
Crystal Carpenter,354.04912313847
井高 陽一,875.5929844129444
Deanna Perry,554.7397846497468
Bruno Filangieri-Antelami,135.9161265569917
喜嶋 幹,498.04533448008846
Gioachino Fallaci,193.47046795658096
喜嶋 洋介,360.76731363795034
中島 真綾,645.1828484873023
Kevin Campbell,1199.5740300048456
Dott. Bianca Ferrata ,0.164612543511522
William Cooley,723.3432021417539
Olivia Jacobs,216.1048290535057
Roman Pederiva ,507.9380869146064
Filippo Luzi,951.2481735074006
西之園 稔,957.2328126171232
Sig.ra Ludovica Callegari,215.81572593614794
Dott. Ranieri Cesaroni ,675.0890257010445
Christian Lewis,925.1995434228206
Dott. Eugenia Legnante,112.91507253567534
Sig. Ansaldo Modigliani,644.479208826211
Dott. Nanni Scalfaro ,1180.2892234092535
Annetta Scotto,813.189207843405
佐々木 陽一,198.80739348329823
Andrew Baldwin,1277.5497279557856
中島 あすか,824.7349958193394
Andrea Brown,925.8261185942766
中島 桃子,601.709395204133
Claudio Bruscantini ,210.49965431795292
Stanley Roberts,50.787480581637176
Germana Tamburello,1384.6732064794578
Aaron Kennedy,746.4035091312599
Vanessa Tolentino ,718.2786858436989
青山 さゆり,704.4483986513193
Guarino Caboto,768.8677920314034
鈴木 幹,103.16422276489546
津田 千代,655.1542451969333
Sig.ra Lisa Sagredo ,332.219204681684
Sandra Freeman,157.91187673358863
Christopher Nolan,286.2771997691084
浜田 明美,748.2340915655443
Steven Medina,116.73212619093299
Ottavio Angiolello,711.4993203795193
Dott. Maura Iannotti ,995.7820781457227
Dott. Coriolano Sagredo ,758.3055005524507
Thomas Hodge,431.01655230454463
井上 香織,249.98988589857163
Sig.ra Stella Galvani,1139.0868213263732
Cesare Ostinelli ,780.445258077147
田中 和也,293.8144784776367
Nico Samele,369.06521262744405
Severino Donà,875.2383423287795
Gabrielle Brown,541.4271731172618
Lilla Spinola,377.5666863870315
Christopher Andrews,850.8730888028764
野村 あすか,51.88421302687007
Alexander Wilson,457.000798229927
Martin Thomas,881.7850163814214
大垣 充,725.7499178266924
吉田 結衣,604.0701618900746
Sig.ra Nina Dulbecco ,353.54407131082354
Christina Hood,128.43553265307173
高橋 充,781.2882972768615
Cristina Gaito,1023.718245920643
津田 真綾,799.5031619384303
吉田 聡太郎,876.7594178698225
吉本 美加子,865.7084727146429
Sig.ra Sylvia Fabbri ,87.767906077304
Fabia Vasari,325.07511044915816
佐々木 結衣,608.5591656702519
大垣 結衣,397.96054549194326
加納 京助,546.990992809647
Alexis Elliott,513.7900849512222
江古田 舞,1226.9798275024748
Ugolino Monicelli-Gramsci,441.6313723972938
佐々木 七夏,244.42937969143253
Katie Griffin,970.4626842213033
Angela Griffith,807.4425205023243
工藤 春香,66.63854684088655
Jesse Jackson,924.909348784144
江古田 知実,964.533700086113
Toni Marinetti ,1367.1058900183132
Rosalia Asmundo,212.52335525814746
Amanda Gray,62.09293442165276
Sig.ra Virginia Renier,103.60048069358918
Massimo Turchetta,966.5026552912336
江古田 加奈,768.1738181367715
村山 康弘,682.438658493214
Dott. Patrizia Gussoni,3.0930946931064796
Anthony Williams,318.8151272662582
Tina Parker,64.90519414316054
加納 浩,183.71860843820986
Cassandra Fabbri,1390.738797660639
Anthony Green,69.65871813457191
Ryan Martin,116.47173822502121
Melinda Cain,659.2653805640739
John House,280.04964881853635
藤本 知実,293.2866063267594
Erika Crespi-Cociarelli,19.132160320107783
近藤 拓真,856.9616849541512
Kristen Kennedy,268.99665383853124
野村 美加子,630.5458010214685
鈴木 太郎,358.89258906919395
Livio Marangoni,351.10455329581083
青田 くみ子,387.91570853296156
Victoria Benigni-Musatti,416.28496837983954
Francesca Duodo,102.98693694485405
Kirsten Taylor,913.0657900225922
Renzo Forza,389.9707317420772
Paul Mitchell,538.1670391672969
Nicholas Robinson,764.8239431822032
Katie Wade,831.178862620791
Mary Todd,812.2760799469006
Thomas Wilkinson,457.2696550211487
Roman Malpighi-Rossi,863.7267022145995
John Cooke,902.8362999211872
Brian Taylor,1064.0609324794964
Livia Vergassola ,977.6248068942481
村山 千代,558.4029826723694
藤本 洋介,597.3261163557447
Stephanie Powell,638.3557254828246
Bianca Giannini,375.1490535581108
青山 直人,486.6082183608754
木村 花子,177.4737777726565
Mr. Alexander Gamble,188.8911139126941
Megan Powell,899.9752497448259
津田 学,724.1728719705291
木村 京助,298.17416075249736
桐山 千代,270.1133119316522
松本 花子,661.5871360101967
青田 幹,767.406462723411
Riley Diaz,946.2941239856982
Susan Collins,723.6857733419179
佐々木 幹,861.9724774945325
Christopher Barnett,82.669297490512
Eric Maynard,855.3424617458421
渚 拓真,397.036695687538
田中 裕太,679.1944524962104
Timothy Carpenter,126.59598930598959
Hannah Burnett,617.6263004517817
Sig. Maurizio Lucchesi ,448.3535830151625
青田 翔太,765.1841517758069
井上 里佳,247.53268974216925
Dott. Monica Esposito,635.0106611871844
Simone Rienzo,180.96402404340296
Jennifer King,378.79911019001565
Salvatore Branciforte,812.1454765429174
三宅 直人,761.0161644334813
宮沢 里佳,897.6283624034205
石田 涼平,205.06913574650852
Samuel Jones,526.1472486389553
Martino Bergoglio,597.9191207600982
Griselda Franzese,414.1396478905648
Bradley Johnson,617.7164653795645
Dennis Oneal,1163.9683053485508
Nicole Martin,1168.993688799782
西之園 太一,702.0059220443147
Eddie Graham,37.134398860270146
中津川 治,955.6623455585536
Richard Gordon,305.35137046866987
Dott. Romana Basso,594.2308668591622
Ugo Giannotti ,911.7323030128312
Piergiorgio Mastandrea,1326.183763386371
田中 春香,597.2782445347204
田辺 太一,394.5280242743352
Arnaldo Vianello,1333.2372520086096
Kyle Jackson,749.6441652927676
Laura Dorsey,439.05433934217064
Valeria Polizzi,992.3245676722048
山本 直子,856.4237390789038
Gary Curtis,348.5195589030542
Greca Pausini,754.6148394048522
Riccardo Tamburini-Angeli,830.2087359577081
Julie Morris,718.5106998115738
Bianca Babato,724.3896277629597
Dott. Elmo Bottaro,379.0585729232054
Nadia Turrini,79.2482010874983
Severino Tuzzolino,52.93094041801605
Jody Jackson,204.17688711616532
中島 充,711.2323460793526
若松 洋介,1289.2133971158628
Rebecca Park DVM,981.445912617602
Alderano Riccati,935.9311621136651
Cindy Moore,366.37018128988643
三宅 明美,234.4741185722572
山岸 晃,60.553708878239966
Dana Bond,9.305161344766555
Augusto Ziani,399.3759467832763
Sherri Flowers,285.9456562003465
井高 さゆり,793.0012134903188
Mirko Piovani ,665.4822573277781
Evangelista Righi ,931.3803653478888
Kristen May,600.6114235464914
Evangelista Ottino,894.5755466826187
John Turner,504.4989125359117
田中 千代,72.68271354838696
渚 春香,229.55494491332396
Liana Prodi-Ioppi,7.593678809866944
Raffaello Garibaldi,404.4586883639394
Alessia Gregorio,877.200989312522
廣川 零,744.5360679799996
Amy Reid,373.68808519834073
Jordan Richards,774.0863091598543
Jacob Ruiz,796.4765167743203
Jessica Sullivan,630.2410023199425
Francesca Sbarbaro,310.0689219416771
小泉 充,30.73942037920363
渚 太郎,965.952790950659
Donna Burnett,498.79771050955367
Tammy Miller,249.33685680402806
Emily Byrd,508.82520727814864
Cecilia Sordi,514.8498526838272
田辺 淳,313.3818153665645
Frank Patterson,244.34835884425232
Vincenzo Corbo-Sordi,653.1896098213297
Dott. Angelina Gibilisco ,446.2628543492213
加納 英樹,672.0581863205415
Michelle Villegas,799.1277162967095
Nicole Roach,948.1513374316673
Elmo Collina,1245.191659301389
井上 さゆり,754.2194371679329
Lodovico Spinola,546.6756333131843
加藤 七夏,1553.5933372087957
小泉 くみ子,25.506181101167535
廣川 修平,734.0235704497233
吉本 裕美子,911.852613752171
廣川 春香,190.64052270827048
Hannah Phillips,345.08876503545514
Priscilla Bataglia,467.5974368090643
Jamie Noble,473.5145483297576
Roberta Pezzali-Gaito,1008.9602104373441
Stefania Monduzzi ,674.1586880513628
Frank Chavez,713.4176865826437
小泉 くみ子,803.4532217083353
藤本 聡太郎,879.1084820907221
三宅 春香,140.53158272276
Mark Arnold,454.16873775483634
Delfino Mercantini,899.3458144686599
青山 七夏,755.7381422836801
Gianfranco Comolli,508.4480066092962
Milena Borzomì,948.9169121099866
Thomas Brown,821.0083770855316
Ilaria Mercantini,646.1504447598973
中津川 真綾,375.61352333025667
Andrew Hunter,322.2664199903991
Mathew Black,653.980226147557
Gianmarco Marazzi,699.4913435540617
Michael Patterson,105.4012206456918
Stephanie Cox,207.57049238150373
Joshua Allen,527.5205576712564
佐々木 学,737.3277181788488
浜田 拓真,442.5368209210978
井高 さゆり,855.5776766032641
喜嶋 稔,287.3309080633473
石田 太一,965.8891140682443
近藤 洋介,74.07718538629193
Ciro Durante,918.7614598503317
Amanda Sanchez,786.852261030093
斉藤 香織,614.587722888926
Jessica Blake,438.27422463924336
三宅 舞,88.97640217963453
佐々木 加奈,171.07069362451156
Sherri Kim,411.95599974142203
Michelotto Franzese,843.3473480211696
山本 翔太,989.4641653967612
江古田 くみ子,998.8545705013287
Dott. Luigi Roth ,346.0091375431129
Gioele Caffarelli ,995.1776912153736
高橋 陽子,998.6675486705224
大垣 陽一,93.53518319310238
Raffaella Bellini ,934.9433886818172
加納 知実,796.9378359053744
Gemma Caboto-Procacci,551.3879874211364
Ashley Murphy,824.5866659918294
吉本 晃,1165.4737891741872
Sig.ra Antonina Loredan ,673.6275751804235
石田 陽子,365.31093736682783
Erik Reilly,1148.2978911285738
Antonio Shaffer,291.1484547001848
中村 加奈,494.6783995888343
Maurilio Impastato,540.4405925957774
青山 聡太郎,1131.0144757257071
Dott. Nadia Desio ,334.0990548327325
Michael Smith,882.2698707069577
Tonya Bowman,163.1895352670165
中津川 直樹,1165.4485528690702
Michael Drake,497.3662838555979
James Jarvis,31.80312247311745
Michael Potts DVM,1116.1588515970814
Sig.ra Fernanda Juvara ,1307.8999699327233
Ruben Escobar,609.6608792159061
高橋 智也,486.94364512064027
Sheila Rivera,508.306595716873
Gary Johnson,733.6532761081766
Leslie Welch,938.4128297523205
Melina Errani,954.0769154253263
津田 零,814.2442156148378
Luchino Iacovelli,690.4289745753142
Brandon Jackson,1053.9153561354192
木村 京助,481.0191673867005
Jason Smith,507.2726213867674
大垣 花子,74.04768134878515
斉藤 陽一,522.3814834973564
Laura Avila,643.940562963985
伊藤 知実,980.8141267240727
喜嶋 康弘,483.21739426074606
吉田 明美,1300.1921829831565
Martino Zoppetti-Pedrazzini,63.26124876786488
Raffaele Luria,1141.6660607793083
Cecilia Tarantini,649.4647716278736
Dr. Cynthia Davis,373.4381876150333
斉藤 春香,53.60284353524036
Fabrizio Toscanini,55.78969164807046
Justin Mccoy,622.4171088129183
Sig. Ruggero Depero,44.82017839747287
Romeo Caetani ,791.7839289954746
鈴木 淳,737.8192780288294
Morgan Becker,608.4259006732722
Joseph Mcdonald,1142.8771197227566
Travis Jarvis,189.86651029364853
Andrew Winters,549.4226570160588
Sig.ra Sole Bocelli,216.13273570597212
中村 くみ子,267.38857156002126
Pietro Ruggeri ,215.25606141103003
Angelica Pietrangeli,767.4968430585747
John Williams,284.7025451564851
Giulio Berlusconi ,868.7519402836792
渚 陽子,648.2785751924538
山本 陽子,878.2875095474004
桐山 結衣,196.36521811123765
三宅 英樹,739.98874634098
Dott. Dolores Bataglia,328.27683954039856
Dott. Giampiero Rinaldi,1059.6921841003114
Achille Zaccagnini,740.1219521171023
Marisa Fogazzaro,1143.8440181192957
Samuel Castillo,939.103173015658
Sig. Ivo Micheletti,562.6732030513923
Ryan Ortega,328.62292919634984
中津川 七夏,395.54194759609027
西之園 直樹,381.58519474821327
Justin Cowan,1258.8455915318293
Sig. Gioffre Corcos,928.9199657852603
若松 桃子,423.05443918259834
佐藤 修平,449.0995058408077
村山 和也,94.890099547138
Sig. Alfio Folliero,756.1406319354862
Sig.ra Sonia Aporti ,78.34078660837307
Robert Riley,1181.9537713661566
Matteo Brugnaro,953.25856474617
Adriana Cuomo,735.9979041138035
Paoletta Lussu,343.6433037692571
廣川 晃,1099.0894664296964
Cody White,656.7310002850483
Aurora Bernini,824.876879789604
Ermes Interminelli-Vespucci,612.7866354154611
渚 結衣,926.0204692210186
石田 明美,584.3426404789824
Elvira Salvemini,1470.0079445486867
Larry Short,892.461311247323
宇野 直樹,868.3242650229104
Alessandra Foa ,942.3037053283747
Jessica Moore,79.0972052040484
Jennifer Herring,759.8371558447226
Ermenegildo Basadonna-Leonetti,1210.8331742963367
Dott. Dionigi Cafarchia ,439.64407174686096
中津川 千代,887.5316659823641
Ian Snyder,887.8107734017415
Antonio Barese,774.8170731908756
Matthew Hammond,257.0194734648915
大垣 結衣,140.66735465885415
Amanda Brown,865.8720503546492
Travis Reeves,781.6314001309537
Napoleone Stefanelli-Cilea,384.4222404970994
David Grant,759.4373234293334
Diane Mathis,1158.5884252087253
杉山 裕太,432.55242120649507
近藤 智也,589.6219983975798
三宅 里佳,428.75046039107156
Pellegrino Rocca ,995.2035242257263
Ann Reed,781.3530331425407
Flavio Cibin,1683.6193133913384
Dott. Gioffre Brunelleschi ,956.3994962788084
石田 加奈,93.81679001660382
野村 桃子,890.6251882715915
廣川 さゆり,742.8077721338358
Jennifer Smith,110.71682826255447
山口 亮介,535.8335314803935
坂本 裕美子,614.4331362384731
井高 修平,747.5970201067408
小林 太一,650.4487801456096
三宅 英樹,397.65905180672667
原田 亮介,705.2826936046553
原田 陽一,875.9486503583666
木村 裕美子,881.1258496594718
Sabatino Martucci,793.1926511472989
Francesco Orengo ,389.14556581815754
Carla Lucchesi,748.6939059166147
吉本 裕太,842.4658758801354
Joshua Blevins,184.97776523903232
Jason Hill,587.8207071519274
近藤 浩,515.6435805716458
青田 健一,161.33855170130386
村山 裕太,78.5414471632213
Amy Ramirez,820.7197283818468
Antonio Falloppio,978.5137359422779
Sig.ra Allegra Boezio,291.50460475569975
Gionata Navarria-Borrani,934.5554496196984
Tyler Walsh,768.2549544414877
Christopher Blair,626.5736523084723
Vincenzo Mocenigo ,415.59725033183
Michelle Silva,828.9103969092682
村山 香織,1560.0185618348241
Bettina Vigliotti-Perozzo,36.28071983794668
西之園 充,630.2466553219153
Matthew Larson,643.1705753212119
山岸 拓真,1387.8346543707266
Robert Decker,246.62044472452504
Bianca Turati-Querini,1171.433856890377
Tony Kennedy,550.2607724684707
Luciano Comeriato ,131.30442796204244
Priscilla Farley,920.8475063326441
Jamie Diaz,269.3869150807959
笹田 舞,1114.0642898080878
Brandi Patel,812.0161985365968
Donna Frank,215.08414915436302
Kyle Moore,308.6539231216958
James Watkins,349.7662423514511
Fabia Gilardoni,520.3970708357456
Sarah Mcclain,663.8624428461142
Dott. Raffaele Tebaldi ,19.16292192834168
Danielle Nielsen,1181.5516538625227
中村 香織,644.6061481232397
Cameron Schultz,41.27403627861093
Milo Fattori ,406.8759077404235
坂本 知実,603.5642855480035
Patricia Wyatt,95.85077088614314
Luis Martinez,924.722798554395
Sig.ra Stella Paolini ,409.0367620118621
西之園 浩,854.117863342829
高橋 明美,412.21354290288394
Dott. Ilaria Pirelli ,1179.690996938123
青田 明美,164.2061895359993
田中 学,981.6359577997363
Giulio Bellocchio,775.8179332318979
Coriolano Vespucci,943.8840333753446
Gianni Staglieno,830.0844284958874
若松 知実,593.8321393283453
Thomas Larson,882.0703808017118
原田 舞,6.420586699849351
Laura Hill,168.13830374912564
高橋 裕美子,222.9268940582927
Juan Mendoza,219.89155786688585
小林 幹,554.9497352819686
Mary Soto,845.843478286705
Catherine Nichols,524.0901732045817
Dott. Virginia Verdone,254.72606088935845
Sig. Sergius Micheletti,937.997943479733
Dott. Silvia Trebbi ,707.1907918595463
廣川 直子,823.4748826429773
Achille Villarosa,1496.3007365584965
Rosa Piovani,598.6340217806589
Etta Granatelli,465.8030081676839
小泉 加奈,1128.2779454539727
田辺 学,52.143117467857046
Jessica Ford,740.837956467361
Biagio Foa,858.6938250445721
Deborah Allen,62.04133624728436
Antonina Pignatti-Doglioni,979.1685858114276
田中 加奈,959.4091315502588
Ricciotti Gabbana,389.66148376357313
吉田 千代,892.5122847459197
James Jackson,393.40901474014436
Giuliano Foscari,983.1883468243738
Rolando Montalti,886.2256442619221
Anthony Robertson,892.2456103234961
佐々木 拓真,421.3115171211315
Victoria Hernandez,361.40701827907304
Jordan Sexton,967.5834413354678
原田 翼,541.0088691230882
Laura Kirby,703.2266665534171
Kimberly Bartlett,47.38995660163292
Jennifer Moody,38.01391485142847
Sig. Gioachino Casini ,886.516928566761
Adriana Marconi,43.340924468108554
Evangelista Pelli,162.53430020053872
Sig.ra Pina Veltroni ,634.1521301198186
Abigail Duncan,633.9322493995178
Sig.ra Victoria Orengo ,799.4296196950806
Maria Dodson,136.86348064703847
伊藤 拓真,113.16613774600725
桐山 くみ子,347.3307945555689
Hannah Boyd,321.2459956634047
Johnny Duarte,624.4124066675367
山田 裕太,312.20875126192146
Christine Johnson,859.5678515011026
小泉 健一,835.6180262441302
江古田 健一,943.7171144384906
Raffaella Barzini-Fagiani,107.78239603035988
Sig.ra Clelia Cardano ,867.3662475479648
中村 稔,234.08717448450466
James Kennedy,597.5130728500119
Daniel Richardson,315.66215500124906
Robert Vasquez,797.2138987429131
渚 直樹,1004.8688119822237
Dott. Pierangelo Spinelli ,90.1668610915054
木村 稔,822.164115254965
井上 七夏,751.9676360653215
Elizabeth French,169.90680637080536
中津川 知実,600.4687647571742
Sig.ra Fiamma Taliani,123.30028137956405
Crystal Smith,142.09998496291675
原田 太郎,542.6665238633857
木村 結衣,941.0162138936798
Shawn Long,944.3766597659009
山岸 春香,1094.0691007400844
Brian Morris,612.7771505812427
Dott. Vincentio Rizzoli ,730.0387917909353
藤本 京助,580.2224098217398
高橋 陽子,88.51408397072579
Michael Brock,870.3709896387995
Amadeo Marcacci,963.2921944424654
鈴木 陽一,311.48751463728854
Cipriano Foletti-Gagliano,362.5873102152042
Rickey Martinez,1177.882409401937
吉田 くみ子,817.0504413165576
Kenneth Mcdowell,679.5913551438684
Alphons Cattaneo-Lombroso,679.5262695661277
Gioffre Orlando,1142.6796398794131
Beatrice Falcone,772.988587283451
Elisa Petrucci,87.07563241501227
山本 舞,552.5327231292611
Sig. Dante Camuccini,905.3545032412596
Rodney Esparza,827.8646206990934
Massimo Tresoldi,247.91770556807091
Rachel Jackson,1120.2250623620237
Enrico Sabbatini,1060.7284815585149
Tiffany Krueger,970.3710148880912
Christopher Dennis,344.40513460538756
Marco Gatto-Accardo,383.8013628121821
田辺 直子,451.9449831592792
Danielle Green,424.9235633609575
Jeffrey Grant,318.25858783313964
石田 洋介,997.6582384885612
Eliana Guariento,1194.6852149693493
Sylvia Richardson,106.51399577519317
近藤 太郎,113.39757869033818
Adelmo Broggini ,1002.137918056709
Katrina George,710.1981751313044
Alderano Gullotta,81.01045827826081
Sig. Martino Bombieri ,904.8123380070415
渡辺 幹,947.3128897254206
Sig. Geronimo Rizzoli,1096.6034562006075
Milo Ossola-Gozzano,445.92147366286684
若松 知実,903.8932133425847
加納 知実,117.5206192860887
James Campbell,114.97398326522034
Tracy Flores,115.10373642827577
Michelle Calhoun DDS,689.4923209579459
Mark Snyder,234.7597822228602
April Woods,870.2418982455002
Victoria Curatoli,545.0252785287897
Lauretta Niscoromni ,632.1672310028084
Jesse Robertson,123.60596386600919
Adriana Micca,302.8445881083632
加藤 健一,951.4066337547141
藤本 直子,474.467632772883
Amber Wilson,194.49084416588903
井上 太郎,849.7795448151361
鈴木 幹,1046.2652455242887
Henry Jones,907.4262310369297
斉藤 拓真,165.76781736475644
田辺 明美,975.0097966867287
Fulvio Gremese,70.99876746785571
藤本 亮介,984.89528363924
野村 英樹,68.68208508929752
Dott. Michele Cherubini ,839.7947141483938
笹田 加奈,1136.010354662401
喜嶋 陽一,751.678315689473
Teresa Righi-Gianvecchio,924.130527140863
Robert Henderson,952.3672913133602
津田 結衣,770.2546267031292
Nicolò Bresciani,745.0424032773628
Jocelyn Blanchard,575.8604442400533
Luigi Tagliafierro,176.54736553015016
William Ramos,899.2873847040399
Stacy Johnson,153.27821102142246
田中 幹,263.9723056247307
Angelica Whitaker,85.6990508082951
Dott. Morena Roccabonella,902.1569833200423
Patrizio Pistoletto-Toselli,495.0325281018967
Emma Davenport,741.4872380607702
Domenico Lercari,362.5538037796998
Melanie Fisher,646.6876030851507
Daniel Martin,360.07994872982664
Roberto Ariasso ,559.6448858512222
Kyle Cox,273.3252927315587
Guglielmo Cicala ,249.7840952019541
江古田 知実,380.27166469940767
Martino Virgilio ,520.8313721420249
Enzo Scalera,236.16210384302528
Nino Pausini ,87.54673032747395
Sierra Smith,974.018485362491
桐山 裕太,602.2058236744994
工藤 稔,305.00117187199805
Russell Long,948.9711863158363
Gian Nosiglia,270.1659148932094
Daniele Smirnoff-Goldoni,637.0500582057998
田辺 知実,846.3533603193133
Jesse Fitzpatrick,381.54753982967446
Sig.ra Michela Toselli,430.8229074719584
Gloria Soprano,762.8222741096449
Dott. Silvestro Malipiero ,260.1140834949188
西之園 里佳,778.3338860697223
青山 七夏,911.9579187867224
青田 淳,311.6959278690038
Scott Scott,140.07070565724166
Julian Kelley,995.4594907487417
Joshua Russell,1107.111959524303
Venancio Viola,929.5064346646109
Gemma Offredi,238.2304232110406
Sebastiano Bettin,751.998963932666
Katrina Parks,648.0008759663748
John Torres,598.3479710705051
Rachael Payne,464.1708547305147
Sylvia Marquez,1130.877795242225
Milena Balotelli-Agostini,675.2281282325673
田中 結衣,330.4754819557051
Sig.ra Rosaria Donà,451.7241696726916
Sig.ra Matilda Saffi,476.44668020145787
Filippo Canali,130.54708832616635
Ashley Gibbs,347.1710569017317
Sig. Raffaellino Blasi,976.0702048633074
Ian Diaz,388.054460297074
村山 学,859.1598761010459
Dott. Goffredo Bocca ,140.58629259110666
Sig.ra Mercedes Fornaciari,462.91677686657215
Melissa Serrano,901.4955438832385
青田 七夏,971.778006502182
Giampiero Borrani,485.01471637623183
田辺 加奈,377.2914739826878
鈴木 裕太,398.6256317945782
Jeremy Bennett,805.3149337786097
加納 涼平,1313.6724785635388
山田 康弘,285.67894205116204
原田 健一,906.9197402824816
Renata Cutuli,781.8650962329418
Lucia Mazzi,186.73324638787935
藤本 学,877.418279321632
高橋 太一,664.9693139668101
Renee Dorsey,949.9380665957125
藤本 陽一,172.05417922741816
Pierina Guidotti,746.6222732486538
Jacopo Bignami,545.64390456859
Dott. Lucia Detti ,742.7576368877737
Jennifer Boyd,861.7036684463632
Katherine Reynolds,209.3358304741685
山田 幹,279.10808482803486
山本 真綾,675.0521848621732
Kyle Kemp,638.5158810264237
James Ward,105.34083787899873
Loretta Christensen,10.189249612530539
山田 浩,768.5507247094199
青山 明美,884.5166269318132
Jennifer Patterson,688.4268201536552
井上 春香,703.2092796107517
Michael Casey,253.466894343509
野村 七夏,196.09800224161356
村山 香織,502.58319376105686
Dott. Salvatore Telesio,601.4029750368788
Daniel Ayers,46.51788104953369
山田 治,671.725777469374
Jennifer Walsh,1103.2135051965308
廣川 花子,572.0243075030409
松本 千代,661.8231325024583
笹田 太郎,671.4645809241923
杉山 明美,885.7487426392963
鈴木 桃子,917.9940882777223
Milo Morpurgo,875.9582980559595
Deanna Lewis,230.45959666864135
Diana Righi,542.1108555459925
Martin Reed,946.7480171037217
Kelly Proctor,895.2392996411543
Jordan Browning,262.68957082135415
Erin Flynn,253.97681930942218
山田 くみ子,846.5049265813668
村山 春香,679.5532586985921
Patrick Smith,476.87681549962315
Nedda Antelami-Jilani,559.7677215461621
Jacob Wells,621.1208932793799
Fedele Barberini,905.3839989601736
Ugo Priuli,213.1132210865261
山本 香織,523.9729834037436
宮沢 くみ子,783.0241113796433
Kathy Salas,669.1752263264942
Shelly Miller,723.5590197323352
Gabriella Bompiani,215.83575431731128
Saverio Vezzali ,562.9629442546119
藤本 裕美子,54.12903441380157
斉藤 結衣,917.0561821992434
Victoria Le,826.1289698604487
Damiano Canali,132.1068157512837
Dino Giovine,947.503342987991
Brandon Short,124.74230159420374
Laura Booth,765.9950978763839
Giovanna Monti,866.8215156080101
Darlene Holder,509.5245103662748
Diana Doglioni-Carullo,6.410068207366115
Filippo Mengolo-Nicolini,254.18736177520162
Ronald Solis,567.8292255053732
Danielle Daniel,766.0559844084045
Olivia Bishop,257.4032353657383
Gabriella Columbo-Delle,714.0284514056378
Sig. Claudio Argentero ,747.9077975167113
斉藤 学,540.7930523571755
坂本 浩,439.2657440192117
Bradley James,522.0830496107073
井高 洋介,632.2566118506857
廣川 裕太,867.5388121954616
木村 結衣,795.7505227931659
Antonietta Giannetti,766.4153595946151
杉山 智也,449.72002109786825
山田 香織,426.6792928682721
Sig.ra Rossana Schiaparelli ,662.509962719278
Dott. Vincenza Valentino,942.1835062579509
Holly Reyes,737.3494123736914
坂本 亮介,237.67868204733045
近藤 直子,452.4394137897062
渚 稔,311.678239300194
Gioffre Bataglia-Tomaselli,841.5016168358183
Jennifer Hall,585.3468495116635
Ezio Onisto-Cilea,422.5791053918575
Justin Pearson,638.9239179330085
Amy King,84.20684037144677
松本 治,919.9977413147225
田中 英樹,950.3096981698365
山田 聡太郎,907.4942805128371
Dr. Michael Marsh MD,92.32602964799786
Severino Ramazzotti,585.6552825680503
Livio Ceci,486.4333040130777
Wesley Dickson,286.608561510284
Kendra Goodman,267.87456784140187
Marco Butler,857.4853156798221
Steven Campbell,20.67366699744355
石田 浩,553.7554586450564
工藤 健一,992.6474090996953
Mallory Everett,426.0546071950212
宇野 明美,916.0954416300173
Jason Trevino,844.9960415313078
佐藤 花子,405.1406102389381
渡辺 陽子,434.16242179125584
Sig.ra Lauretta Chinnici,931.7405450179737
Catherine Delgado,664.6020488557873
Michelle Stone,715.3818835960316
Gabriel Jones,460.2673143343502
Anne Wright,149.19808024601343
Allen Green,811.1185065041946
村山 陽子,399.7028003898555
Gianmarco Mascagni-Migliaccio,896.7127294779064
西之園 春香,754.4064607163353
Valentina Foletti,53.49908114684021
Valerio Briccialdi,798.1891507751699
Giampiero Verri,878.79231117489
Marta Crespi,471.1102351643599
大垣 春香,813.3661475165947
Gerald Morales,723.7320827702397
中津川 英樹,1201.590893071623
野村 裕美子,296.5611219700972
大垣 直子,951.1769965529844
山岸 浩,398.95115950553514
村山 明美,335.2087505276997
Silvio Gargallo ,178.93798107557214
Jennifer Baxter MD,703.1822719717413
Amalia Cesaroni,759.854342822964
Donatello Samele,81.00530704202546
Cecilia Franzese,445.7043637049591
佐々木 和也,1455.0154591061323
Elizabeth Morris,850.440480908494
Cassandra Trombetta,967.7840647689982
桐山 英樹,567.7417944000713
Leslie Hogan,359.66248214611653
Sig. Uberto Broggini,805.2956234699762
高橋 太郎,223.03465199093176
Jordan Cummings,519.4433746569747
Erika Gonzalez,852.4079672167609
Bettina Villadicani-Mazzacurati,602.0357745759279
Katherine Dominguez,591.2768575669529
Valerio Montessori-Moretti,1114.6492199935683
田辺 千代,1075.6099032116142
松本 淳,534.2958243203277
田中 翔太,684.9631352263897
山本 春香,958.8202324279391
Carmelo Balbi,475.7904038170174
山本 さゆり,932.2385942017928
Rocco Gonzaga-Sforza,872.5325680110576
Terry Ray,552.2143551319317
Alfio Villarosa,890.5382272125335
吉田 裕樹,566.8445387263562
Jennifer Marks,683.4955901690405
松本 和也,234.83351738483816
伊藤 稔,165.94390690736262
喜嶋 洋介,1098.833684791177
中津川 修平,89.41921980455103
藤本 あすか,172.66289601814978
Amanda Williams,891.6466366880741
工藤 裕美子,982.3648249928434
山田 裕樹,981.9316427687977
Natasha Lewis,901.2421294832682
山田 陽一,560.9196729122585
工藤 健一,824.3426876992701
Agostino Trapanese,224.96114208399075
Saverio Zabarella,845.4037704731771
Sheila Williams,868.688162596791
Marcella Metella,137.73573129802452
Austin Sullivan II,872.8334666847463
Tasha Beasley,82.63900811148184
Sig.ra Sophia Cesarotti,385.8900694460363
Natalia Panatta,869.7554595942258
江古田 聡太郎,117.84693811618729
Teresa Nixon,902.5136069794623
村山 翼,761.5833920580588
Sig. Piermaria Valguarnera,843.0890869960548
桐山 真綾,1208.697486315446
喜嶋 幹,15.690398705426212
Ann Li,887.9856241163562
Guglielmo Opizzi,681.3656452381448
中津川 学,203.62722429538027
Courtney Santiago,689.3172610010843
青田 篤司,716.6848634434584
Sig. Mauro Migliaccio,496.6139001732234
Anthony Sullivan,902.390132243947
Ettore Merisi,692.1487184939369
Romina Vidoni,789.7482429812288
Cassandra Goldoni,380.7566424141131
Steven Henry,179.19444387674054
Ugolino Polesel-Renzi,969.3082305468581
Manuel Weaver,826.9671877122408
Joshua Pollard,763.7704895489036
Oscar Johnson,193.3156403412347
Nicole Lee,1159.0331132610345
Shelly Smith,886.4205954101315
宇野 直人,925.292535506368
Regina Hunter,384.8078354782407
Jason Chen,1124.4787771506144
原田 聡太郎,1088.3442299583162
Sig. Giampaolo Spanevello,619.0726460018946